filename,mask_source,mean_r,mean_g,mean_b,glcm_contrast,glcm_homogeneity,glcm_energy,glcm_correlation,mean_entropy,internal_edge_density,eccentricity,solidity,efd_harm_1_amp,efd_harm_2_amp,efd_harm_3_amp,is_fallback
001018.jpg,full_rect,164.60671456352637,161.97419565687122,161.8635452679343,55.959565804686704,0.5873037991069306,0.0774165754825964,0.9925750444469368,2.980714319488877,0.0213942307692307,0.6907173233229681,1.0,0.0,0.0,0.0,1
001165.jpg,rembg_ai,169.1172754791002,156.52308712709208,142.97079358471396,41.33784967176172,0.2617036006859962,0.033838044361539,0.9420913717103638,4.526163454686264,0.0169801868420309,0.870015691778044,0.8326858612702813,1.1389293674867875,0.1004239473994831,0.1572528519022068,0
000030.jpg,rembg_ai,184.10625182801988,135.6023983620942,107.55438724773326,22.46373828375571,0.5001602550362734,0.0467627253388873,0.99651423915142,4.194858427500506,0.0384615384615384,0.9060741093546432,0.9291797613702842,1.1121747727396372,0.1851791795661069,0.0662607471206947,0
001321.jpg,rembg_ai,123.45721913950312,94.06239194992052,69.80588803223378,105.77061239012596,0.2288039060671208,0.0156777680801572,0.9811876877154792,4.840786664259833,0.0332027437749212,0.6412825284118749,0.9370520498069864,1.2943007648561702,0.0896372155507994,0.0488310758059606,0
000064.jpg,rembg_ai,124.00070934306147,79.79982049277628,52.06182576218188,28.6944352295396,0.3427312545935994,0.0209638488434602,0.9954538520328594,4.575217915112515,0.0460407076058947,0.9087531721543796,0.9673763399253597,1.101184083727648,0.1278745850002091,0.0594796471910036,0
000176.jpg,full_rect,183.83991910815035,174.21709265175718,163.7866494459928,102.84319659574469,0.2785367753167067,0.0670023836444159,0.9852728523294751,4.447285079588758,0.103096322479777,0.6605319010801051,1.0,0.0,0.0,0.0,1
001173.jpg,custom_otsu,143.54574652777777,103.47095734126984,76.15487351190477,153.39139786610133,0.2826279150823906,0.0255083568634018,0.9654714189458184,4.812340639641215,0.0566840277777777,0.7380478375233306,0.9117118339382017,1.2339137403554783,0.1778259465912189,0.1224558695790254,0
0000450.jpg,full_rect,101.8461218106996,90.1771572016461,82.01554238683127,89.49265743488296,0.208444602391844,0.017790733010826,0.9859392656041708,4.695274651476753,0.0365711934156378,0.6614382360614811,1.0,0.0,0.0,0.0,1
dog-1.jpg,rembg_ai,189.5335822975308,153.24262861601918,114.23727774371552,80.57510213890893,0.2057625647800905,0.0189947125862681,0.9859149954304964,4.809311254620846,0.0740761384538208,0.7392962061245256,0.9723879787349464,1.0216038675542674,0.1637411597322321,0.1092949308238008,0
001214.jpg,rembg_ai,147.34458469863966,109.5421693476318,108.6034653956906,106.39706414119676,0.1531931285205716,0.0140230774746389,0.9749207113180756,4.843222912047442,0.034604309403237,0.7522009848431501,0.9673184542235954,1.2010786169187284,0.2176533653139288,0.030564027463016,0
001041.jpg,rembg_ai,176.8253470844903,123.26987589958634,71.57677225590751,134.12737782814742,0.1806482474219607,0.0164822318866244,0.9595976288136056,4.690000385069884,0.0381707939026463,0.7329470356302783,0.8377211034228964,1.0218046392628424,0.3084883713546436,0.1708214674907491,0
001040.jpg,rembg_ai,34.60884600854378,29.893047765733822,24.387947652397973,81.0460120737728,0.3033555601919876,0.0315541713975463,0.9836793160290704,4.276963924828643,0.0348241356930438,0.9197145811355646,0.9499659444434218,1.0833901566090292,0.0738191946988872,0.0689847696957723,0
0000030.jpg,rembg_ai,147.34458469863966,109.5421693476318,108.6034653956906,106.39706414119676,0.1531931285205716,0.0140230774746389,0.9749207113180756,4.843222912047442,0.034604309403237,0.7522009848431501,0.9673184542235954,1.2010786169187284,0.2176533653139288,0.030564027463016,0
0000560.jpg,full_rect,144.5517158226674,121.74522723056948,112.66493600445186,60.68027219722329,0.4518074638901121,0.0604994736072901,0.991271794835535,3.5246610188261487,0.0340539788536449,0.7463484269386648,1.0,0.0,0.0,0.0,1
001048.jpg,rembg_ai,168.20318781581958,154.24034186995576,135.19934988000122,135.37290169464404,0.2331464309712463,0.0178679781109955,0.9819824565539904,4.281950604538708,0.035088252270863,0.4939511415602345,0.9349872253934484,1.3117974235347656,0.0884863249496115,0.0615875809420993,0
001164.jpg,rembg_ai,158.44491189483645,103.61261007817362,63.91718881870029,112.22256499499024,0.3232164812624181,0.030354920687757,0.984395149183238,4.761053231967505,0.0323734260845843,0.6579102565184389,0.9218382393440816,1.2223579056328358,0.12942692837594,0.0820907234836468,0
000072.jpg,rembg_ai,50.76718152875736,48.932719652300406,58.30334657874811,94.02987851609429,0.3297560925556567,0.050425950067757,0.9890428076057228,3.900449844513071,0.0349070833656271,0.6634229439630323,0.9557543523769052,1.207832185860835,0.1700907391736006,0.1181468507309629,0
000003.jpg,rembg_ai,153.7731944943148,151.88116337522442,152.77236146020348,60.29177349129526,0.3175415118363337,0.0327080295826964,0.9930429898677658,4.515793947232989,0.0234111310592459,0.6696944229042635,0.9250266240681576,1.2695241335989147,0.1140913600307727,0.0529337211303424,0
001015.jpg,rembg_ai,134.46261731951003,130.47423675834025,122.22316686987048,169.38099914780403,0.1726618642704019,0.0126603597370043,0.9729308525097492,5.11140334200717,0.0908443731640059,0.8038975475143664,0.9486295519838496,1.1836316052447626,0.1276286127522801,0.0769548436446473,0
001021.jpg,rembg_ai,134.47041403770965,115.52511169230284,84.41940262378243,105.44680093843508,0.2635712244090344,0.0181460886577774,0.978011795754931,4.943532747419344,0.0538583178534028,0.6698567248472965,0.9395287168095622,1.2721524023845032,0.0619187535081266,0.0639506032765592,0
000050.jpg,full_rect,102.08763717421124,114.96476680384087,86.77768518518519,2015.8524701663264,0.0931208432630563,0.0111601319412106,0.7609026511554373,5.444463094037471,0.111838134430727,0.5864306909434663,1.0,0.0,0.0,0.0,1
001046.jpg,rembg_ai,147.90679990631588,106.06096494652198,75.56189398079475,88.14250839865622,0.191458200755153,0.0144841475258679,0.9835041618264584,4.711609776531194,0.0408931220235771,0.6740509335263104,0.8783022626423597,1.2767629447136586,0.0876470048158558,0.072845043632673,0
001020.jpg,full_rect,137.4920828125,129.7188578125,128.101771875,172.63510951188988,0.1743603551544643,0.0143733155171952,0.9763066678657968,4.808352090309368,0.0415484375,0.0,1.0,0.0,0.0,0.0,1
001069.jpg,full_rect,151.7009002947584,82.1136582083814,78.2802567922594,101.69213921247712,0.6309149602713566,0.0437017382800657,0.984954101216391,3.2375295752300524,0.0173370818915801,0.7453569875198541,1.0,0.0,0.0,0.0,1
000120.jpg,rembg_ai,147.6499589564939,105.85886539732115,75.24879372134463,106.40382814055054,0.1807017213754421,0.0137412094681824,0.98059169303198,4.759219151083104,0.035132240174585,0.6750962059980105,0.8775585696670777,1.2888270377700648,0.0977831685120305,0.0898582673132291,0
000014.jpg,full_rect,141.52294791666668,132.07370833333334,128.168575,34.19935127242387,0.3051673594321137,0.0193341035208519,0.9959552335584376,4.461522886401311,0.0287916666666666,0.6614383445150561,1.0,0.0,0.0,0.0,1
0000290.jpg,rembg_ai,144.478414745753,110.4555836383916,90.33111629869016,140.88216343094834,0.1851314689928683,0.0148583907374805,0.9728558243172848,4.92552650262497,0.0566157124063375,0.4524220754683306,0.9474136528212848,1.3660666901897245,0.0410730296368047,0.0457041492170995,0
001008.jpg,rembg_ai,147.86226793778224,106.23833416959356,75.46657746557395,169.51336756924994,0.1410719023124939,0.012349158808382,0.9683563979235564,4.909939340788051,0.0545381055917935,0.6751215588447919,0.8742897554076133,1.2584560631455042,0.1533201531603162,0.0748102188138906,0
000076.jpg,full_rect,159.2150577777778,142.79927377777778,126.45149422222222,142.611855459195,0.2858430649141755,0.0451404743322018,0.9853925194724532,4.18490267974339,0.0367595555555555,0.0,1.0,0.0,0.0,0.0,1
0000040.jpg,rembg_ai,147.6499589564939,105.85886539732115,75.24879372134463,106.40382814055054,0.1807017213754421,0.0137412094681824,0.98059169303198,4.759219151083104,0.035132240174585,0.6750962059980105,0.8775585696670777,1.2888270377700648,0.0977831685120305,0.0898582673132291,0
001042.jpg,rembg_ai,132.8291539064696,94.04973517967836,54.30139215599248,94.4446294986552,0.2329858204222676,0.0161871791684569,0.983906022301884,5.013622507211108,0.063982217093486,0.8166820519646238,0.9272275665216616,1.1496656658208333,0.1086256649823676,0.0251581029413571,0
0000250.jpg,full_rect,165.25781443880427,156.03545685279187,138.5694162436548,82.94034827504856,0.4031911281801477,0.0818552517365484,0.9887438905511956,3.886058948279017,0.0289289340101522,0.6156753758835968,1.0,0.0,0.0,0.0,1
001037.jpg,rembg_ai,153.83007708064264,145.9479273780242,139.919686412583,84.09336243763364,0.2079037859475446,0.01561180722568,0.9853431817886324,4.566970340399148,0.0288003553771357,0.8006493277271212,0.9459359500432138,1.1574273498490697,0.0638696449517021,0.0408995049601057,0
001064.jpg,full_rect,139.19203693611868,135.1111825613079,132.8468331819558,96.9110451472644,0.4785616830974092,0.0833040155962342,0.9856630948721662,3.755098067476628,0.0503560399636693,0.6791496190070524,1.0,0.0,0.0,0.0,1
000092.jpg,rembg_ai,117.15739140647284,93.38344546415448,65.31477442410618,105.61013052911709,0.1832272725216814,0.0165529847378235,0.9756017932489126,4.793836790778978,0.0420280858346056,0.7573591753887385,0.9104801823438528,1.2193234897321743,0.14157905024369,0.0694072110119126,0
000021.jpg,rembg_ai,140.80507986938488,92.65300150030887,51.36559879975289,439.9514799285247,0.099963078089819,0.0108227453667907,0.88909649793105,5.160892054386292,0.0401482658194334,0.6163133313471607,0.940419894075362,1.323741936326315,0.1916397113318185,0.0749123893117377,0
001217.jpg,rembg_ai,141.49856873032527,94.6883441762854,72.6802854144806,18.548266682164343,0.3793369439355014,0.0252032610031044,0.9973228568701444,4.279476700975221,0.0188625393494228,0.7656545827788788,0.8589050043847462,1.175500835947862,0.2197538763982638,0.0870681202755309,0
001025.jpg,full_rect,201.7395197740113,173.31093220338985,167.12182405165456,187.3445088060408,0.2799015239336244,0.030048941572342,0.9556612713890896,4.419181478077654,0.0353631961259079,0.7253955361630184,1.0,0.0,0.0,0.0,1
001194.jpg,full_rect,109.56194184062404,93.15148140761424,75.83843017329256,103.66903132302868,0.2915542700749486,0.0274493752549387,0.9879973003020592,4.314321989275796,0.0345117005717324,0.6611490953430341,1.0,0.0,0.0,0.0,1
000048.jpg,rembg_ai,187.5766711082409,145.02525484553948,128.3595173671002,304.55847877346355,0.2306592264138333,0.0512041571136128,0.9737219943388996,4.828553223863132,0.064740167907855,0.3259519375771524,0.8857128351670668,1.3668747554032437,0.1759640155705699,0.1135622453495531,0
001114.jpg,rembg_ai,150.0592830827203,101.7456347730082,59.52179913355494,191.10736381469744,0.1391726659773841,0.0119521772297223,0.9650693348714008,5.139702791164582,0.0827443027037406,0.8931445548687628,0.8150313050283702,1.1068255837639152,0.1951752955984101,0.0720717647002865,0
000053.jpg,rembg_ai,148.42178558847704,106.07291870523308,76.1400446201417,204.3041229940523,0.1354414677721954,0.0116736437633665,0.9639001367466216,4.960394713022872,0.043978237895808,0.6762191230210239,0.8743185906325951,1.2795938901439874,0.0878670592205857,0.0743967996701617,0
dog-7.jpg,full_rect,128.9210816017614,89.4069423420944,59.314331911380215,181.21020210409745,0.1489260686456586,0.0155273607243979,0.9582470039481574,5.003939089970513,0.0702834732351727,0.1859587893365301,1.0,0.0,0.0,0.0,1
001150.jpg,full_rect,151.7009002947584,82.1136582083814,78.2802567922594,101.69213921247712,0.6309149602713566,0.0437017382800657,0.984954101216391,3.2375295752300524,0.0173370818915801,0.7453569875198541,1.0,0.0,0.0,0.0,1
000057.jpg,full_rect,185.10633421093388,172.11836959888493,158.7135085953229,95.04845796194763,0.3367905272285632,0.0280710346685643,0.9843358709908224,4.302553862039299,0.0529715812296732,0.7450175020226645,1.0,0.0,0.0,0.0,1
001149.jpg,rembg_ai,174.80632063680022,157.8301243339254,143.4103993158345,44.3104621813969,0.2559354251496388,0.0335840073031771,0.943648275067036,4.439983280959026,0.0195592395237155,0.8698797369228702,0.8307194800969023,1.1474486540887332,0.0992650174373861,0.104822871446398,0
0000580.jpg,full_rect,180.36716391461945,167.75264035440998,161.33349335481273,107.5357830630892,0.6632229935440337,0.1434451239345417,0.9905970212252764,2.311799968342586,0.0295360451067257,0.6784839784970786,1.0,0.0,0.0,0.0,1
001056.jpg,rembg_ai,214.09431260000224,200.3868170476542,187.8206057757936,44.36603921568627,0.466140847978655,0.0492397878646739,0.9780388044852576,3.768623240233463,0.0367225000839179,0.6779979768661482,0.8919243230270789,1.2455730628706505,0.3883727948302731,0.0449015936095951,0
001289.jpg,full_rect,95.88967677345538,89.40023169336385,77.10230263157895,104.31135887823166,0.3662587953640969,0.0776210105431695,0.989759685470044,4.1455593969386255,0.0724628146453089,0.8376228469715966,1.0,0.0,0.0,0.0,1
001009.jpg,rembg_ai,144.478414745753,110.4555836383916,90.33111629869016,140.88216343094834,0.1851314689928683,0.0148583907374805,0.9728558243172848,4.92552650262497,0.0566157124063375,0.4524220754683306,0.9474136528212848,1.3660666901897245,0.0410730296368047,0.0457041492170995,0
000205.jpg,full_rect,192.9648698253008,188.07852287403983,175.51945822853648,72.34461957446808,0.3892558792055031,0.1203165026990449,0.9881964675871392,4.051797194739998,0.1046903677520223,0.6605319010801051,1.0,0.0,0.0,0.0,1
001059.jpg,rembg_ai,139.6125073630473,92.10034781633054,51.06719306611316,292.26371511870053,0.1119869271457151,0.0126104270348071,0.9176200099131866,5.044743169158607,0.0505175170401952,0.6148864359189641,0.944669652706708,1.3238129696210517,0.1155367192300278,0.0912826936765366,0
001062.jpg,full_rect,81.75659156742839,62.20343820405536,46.40295783714194,148.34821281900142,0.460541540021443,0.1375744824321684,0.980973356604253,3.347515393321827,0.0296355004827808,0.6776501598740757,1.0,0.0,0.0,0.0,1
dog-5.jpg,full_rect,189.58680231149867,154.07647323436797,117.08498563964152,86.47003132613992,0.1719101800913536,0.0169660676605742,0.9793681767954482,4.8610058103181,0.0516972905636873,0.1524985703326044,1.0,0.0,0.0,0.0,1
000004.jpg,rembg_ai,147.86226793778224,106.23833416959356,75.46657746557395,169.51336756924994,0.1410719023124939,0.012349158808382,0.9683563979235564,4.909939340788051,0.0545381055917935,0.6751215588447919,0.8742897554076133,1.2584560631455042,0.1533201531603162,0.0748102188138906,0
001006.jpg,full_rect,168.881025,140.4489828125,111.2986359375,41.51510168961202,0.3046169688514289,0.0219004889505874,0.9919486277984072,4.569942534472818,0.0529796875,0.0,1.0,0.0,0.0,0.0,1
000018.jpg,rembg_ai,184.81460301650935,135.63393419186252,107.62953896254685,25.88791908597116,0.5695948001293205,0.0498490538608663,0.9959203331801484,3.798450735051565,0.0252718691335159,0.9066188611664222,0.9334579165292588,1.1272622577284328,0.1807110755638986,0.0871077152561958,0
000084.jpg,rembg_ai,136.9802842810308,132.1089273723472,111.85840682996744,139.0733201943997,0.2629636722691549,0.0328231623121937,0.98536811636761,4.628290003170024,0.052579012408376,0.6845172010310397,0.9247918443817608,1.3079585359420125,0.1328484178322292,0.1313109645106508,0
000049.jpg,rembg_ai,190.3906124757156,174.09144850353906,158.91200310432433,194.21554479280104,0.1279915211676114,0.0124288278549326,0.9745294123979312,5.002297523353096,0.0238937872756667,0.5241268281457666,0.9586301280589136,1.281050765067138,0.0767418767950794,0.0588862940584703,0
001028.jpg,full_rect,164.4417571767269,158.00393678713314,141.17624631551968,71.97927296941688,0.5535477172134732,0.0547667139593017,0.9598830900209524,3.3951120318806063,0.0172009163142381,0.7453569875198541,1.0,0.0,0.0,0.0,1
0000020.jpg,rembg_ai,119.2864897685462,98.8524679514566,77.3280059345798,83.45360409864351,0.3458657793694796,0.0194983946374096,0.9897759196323062,4.428300141795502,0.0347685591554875,0.8554477922845134,0.9475419093861064,1.0438833592682175,0.3001923680640416,0.1168911034463946,0
001058.jpg,rembg_ai,185.4720552045403,161.31729436624914,136.98904709459495,1303.7646172919633,0.1254451771085345,0.0111584045039954,0.7737536518462674,4.851675677661913,0.0420304900219743,0.8506560274672774,0.8789061321838147,1.2571377509922923,0.0750113832855205,0.106446419431777,0
001050.jpg,rembg_ai,78.30891943499756,59.12709968577451,45.65578299906465,111.92531164661985,0.2974998382158492,0.0601454126009471,0.9854178935503844,3.879911726638168,0.0410447171467693,0.745916904987529,0.831592698657054,1.19790168262816,0.174491434751882,0.1494884667899858,0
000038.jpg,rembg_ai,208.5052696893144,173.0577139564774,124.37811106679077,98.59023595283831,0.20646667199557,0.0167308672214463,0.9729327812186932,4.741144631560574,0.025654389930417,0.7188213523856612,0.9493821004541596,1.1844713300384826,0.1236569414856436,0.0697653495604187,0
000045.jpg,rembg_ai,195.7445450787605,188.41423815639905,179.92435817942928,62.49264274288018,0.3600094546776204,0.0302130646764822,0.9840866650785668,4.054366306257619,0.0248756218905472,0.9356106463591728,0.9402013975090308,1.0967017580051428,0.0278338407421139,0.1344941255372485,0
001159.jpg,full_rect,165.25781443880427,156.03545685279187,138.5694162436548,82.94034827504856,0.4031911281801477,0.0818552517365484,0.9887438905511956,3.886058948279017,0.0289289340101522,0.6156753758835968,1.0,0.0,0.0,0.0,1
001185.jpg,rembg_ai,157.97860593190674,123.96497794786828,106.33174340186218,17.74976617022807,0.3394848884644466,0.0311942514421031,0.9881058909576872,4.331090822676735,0.0233682589316967,0.7959086202286328,0.9689723418612972,1.2080923324459492,0.0365851006587194,0.0779059055447409,0
001002.jpg,full_rect,166.5980457535885,156.30312699362042,138.1507620614035,98.3935244615604,0.4092267715218027,0.068719764484527,0.9861994338917448,3.9332106893262,0.0277756180223285,0.6210765558110847,1.0,0.0,0.0,0.0,1
000063.jpg,full_rect,77.97357065575262,68.68560566762017,59.92284727618426,201.2552851093045,0.4794972968601915,0.3919727129226806,0.982405690443856,3.020236527764906,0.0385107252428027,0.7874987010833892,1.0,0.0,0.0,0.0,1
001043.jpg,full_rect,145.8156358131488,49.75956362937332,43.84048202614379,104.16475321716248,0.3801189335452062,0.0368953379378369,0.9667708879975286,4.010140870222362,0.0282863962578495,0.7453569875198541,1.0,0.0,0.0,0.0,1
001170.jpg,full_rect,161.6031827773312,161.62772357315112,148.5090444131833,76.7037135347856,0.3921245422767878,0.0649293201932248,0.9871967665766076,3.990384441711312,0.0278290795819935,0.6288830610612807,1.0,0.0,0.0,0.0,1
000002.jpg,rembg_ai,164.48649882704848,154.5093731290433,136.96113302225464,119.4544299581658,0.2459921379298228,0.0177244343009533,0.9834286680480584,4.306565699520707,0.0254438462559899,0.4857395606687684,0.9364016187247074,1.3249766550345958,0.0779640745212622,0.0369419289900814,0
000017.jpg,rembg_ai,138.249279980119,131.1453500842427,126.34031682354002,178.06888437068736,0.1776990156952278,0.0134745514600045,0.9680606488363764,4.736388100551507,0.0166636342254627,0.8000574662522124,0.9427314927243748,1.16886936353661,0.1179466801973434,0.0492299443482809,0
0000340.jpg,full_rect,102.57808461080548,95.51524376845292,79.31439198718333,20.574658386483875,0.4515354215497755,0.0369046417265512,0.9979404471923252,3.621335502289792,0.0268023443961022,0.6782126352003904,1.0,0.0,0.0,0.0,1
001178.jpg,full_rect,143.20215208333337,121.60627708333334,105.40759375,49.95528577388402,0.4551649901759786,0.0363794173691367,0.9952123652716222,3.675340181853597,0.0248333333333333,0.6614383445150561,1.0,0.0,0.0,0.0,1
